image,class
058.jpg,0
336.jpg,0
200.jpg,0
509.jpg,0
377.jpg,1
418.jpg,5
476.jpg,3
212.jpg,7
508.jpg,5
501.jpg,4
676.jpg,5
716.jpg,1
189.jpg,3
333.jpg,7
017.jpg,4
181.jpg,7
236.jpg,2
541.jpg,1
562.jpg,1
313.jpg,0
557.jpg,7
191.jpg,2
324.jpg,4
223.jpg,2
163.jpg,2
130.jpg,0
309.jpg,0
392.jpg,2
419.jpg,1
082.jpg,7
071.jpg,2
365.jpg,0
512.jpg,0
741.jpg,4
393.jpg,0
095.jpg,0
519.jpg,0
497.jpg,5
427.jpg,3
785.jpg,0
609.jpg,7
659.jpg,4
023.jpg,1
696.jpg,3
056.jpg,0
274.jpg,3
695.jpg,4
542.jpg,3
380.jpg,7
580.jpg,0
693.jpg,5
548.jpg,2
612.jpg,0
042.jpg,4
327.jpg,3
092.jpg,0
430.jpg,0
412.jpg,2
405.jpg,6
425.jpg,7
087.jpg,7
619.jpg,0
504.jpg,7
484.jpg,1
325.jpg,5
468.jpg,5
550.jpg,0
530.jpg,7
316.jpg,2
138.jpg,5
691.jpg,4
228.jpg,3
214.jpg,4
704.jpg,6
784.jpg,5
249.jpg,5
072.jpg,2
646.jpg,1
730.jpg,0
112.jpg,3
607.jpg,7
290.jpg,0
090.jpg,3
499.jpg,0
338.jpg,2
103.jpg,3
515.jpg,5
364.jpg,6
675.jpg,0
400.jpg,7
453.jpg,0
390.jpg,3
592.jpg,0
683.jpg,0
510.jpg,2
650.jpg,0
655.jpg,3
511.jpg,6
240.jpg,5
786.jpg,0
153.jpg,0
226.jpg,5
300.jpg,0
147.jpg,7
569.jpg,3
231.jpg,0
656.jpg,4
455.jpg,7
560.jpg,5
252.jpg,4
415.jpg,1
281.jpg,7
658.jpg,7
563.jpg,6
661.jpg,1
065.jpg,5
591.jpg,2
280.jpg,0
571.jpg,3
204.jpg,7
162.jpg,7
715.jpg,4
145.jpg,5
446.jpg,0
329.jpg,0
286.jpg,1
354.jpg,0
299.jpg,3
582.jpg,4
553.jpg,0
518.jpg,5
159.jpg,3
196.jpg,1
572.jpg,5
372.jpg,7
294.jpg,0
271.jpg,7
164.jpg,1
055.jpg,3
780.jpg,0
146.jpg,2
339.jpg,3
201.jpg,6
157.jpg,7
533.jpg,0
122.jpg,5
794.jpg,0
653.jpg,0
681.jpg,7
167.jpg,3
540.jpg,3
781.jpg,5
051.jpg,0
151.jpg,0
002.jpg,3
111.jpg,6
152.jpg,7
662.jpg,2
770.jpg,0
686.jpg,0
458.jpg,0
323.jpg,5
177.jpg,2
403.jpg,0
084.jpg,4
627.jpg,2
216.jpg,0
132.jpg,7
235.jpg,2
088.jpg,0
467.jpg,2
398.jpg,0
532.jpg,4
062.jpg,0
692.jpg,2
180.jpg,1
596.jpg,4
585.jpg,4
575.jpg,3
238.jpg,0
615.jpg,0
168.jpg,2
566.jpg,0
402.jpg,4
205.jpg,7
626.jpg,7
265.jpg,1
022.jpg,5
118.jpg,4
262.jpg,1
018.jpg,6
678.jpg,1
668.jpg,0
148.jpg,7
651.jpg,7
407.jpg,6
435.jpg,7
206.jpg,0
702.jpg,2
213.jpg,0
259.jpg,2
422.jpg,6
266.jpg,1
420.jpg,7
581.jpg,2
312.jpg,0
349.jpg,5
513.jpg,0
752.jpg,6
726.jpg,2
142.jpg,2
485.jpg,0
470.jpg,0
630.jpg,6
680.jpg,0
448.jpg,7
083.jpg,7
032.jpg,1
247.jpg,6
527.jpg,6
473.jpg,0
096.jpg,2
632.jpg,2
021.jpg,5
044.jpg,4
773.jpg,2
378.jpg,2
666.jpg,3
245.jpg,0
043.jpg,4
753.jpg,1
740.jpg,7
303.jpg,6
263.jpg,5
383.jpg,7
282.jpg,5
669.jpg,2
279.jpg,5
003.jpg,4
699.jpg,0
224.jpg,4
276.jpg,0
672.jpg,6
091.jpg,7
477.jpg,3
128.jpg,7
757.jpg,1
110.jpg,0
577.jpg,7
317.jpg,1
416.jpg,3
537.jpg,4
256.jpg,6
600.jpg,5
172.jpg,3
291.jpg,5
755.jpg,4
587.jpg,1
671.jpg,0
391.jpg,1
000.jpg,0
667.jpg,2
067.jpg,6
149.jpg,2
173.jpg,0
707.jpg,0
304.jpg,5
434.jpg,7
075.jpg,7
210.jpg,6
493.jpg,7
586.jpg,0
113.jpg,2
046.jpg,6
359.jpg,2
451.jpg,4
108.jpg,6
705.jpg,2
491.jpg,0
124.jpg,0
171.jpg,2
457.jpg,1
677.jpg,2
739.jpg,7
054.jpg,7
001.jpg,0
220.jpg,7
479.jpg,0
433.jpg,0
104.jpg,2
640.jpg,1
331.jpg,7
722.jpg,0
287.jpg,6
729.jpg,1
750.jpg,0
019.jpg,2
047.jpg,6
268.jpg,4
728.jpg,4
634.jpg,4
768.jpg,1
555.jpg,6
326.jpg,6
399.jpg,5
328.jpg,0
076.jpg,7
564.jpg,5
795.jpg,0
384.jpg,5
396.jpg,0
014.jpg,0
462.jpg,6
239.jpg,0
710.jpg,4
193.jpg,0
155.jpg,0
708.jpg,0
394.jpg,0
442.jpg,5
363.jpg,0
751.jpg,0
120.jpg,0
028.jpg,5
520.jpg,5
565.jpg,5
166.jpg,5
340.jpg,6
660.jpg,7
767.jpg,2
284.jpg,2
320.jpg,2
267.jpg,3
697.jpg,3
594.jpg,0
030.jpg,4
077.jpg,0
549.jpg,5
502.jpg,6
799.jpg,6
606.jpg,0
037.jpg,0
386.jpg,2
742.jpg,2
026.jpg,4
414.jpg,4
351.jpg,5
764.jpg,7
357.jpg,1
158.jpg,7
121.jpg,1
098.jpg,0
769.jpg,2
229.jpg,0
004.jpg,0
006.jpg,0
589.jpg,2
248.jpg,1
774.jpg,1
450.jpg,0
169.jpg,7
176.jpg,0
775.jpg,0
437.jpg,1
194.jpg,3
624.jpg,5
297.jpg,0
187.jpg,1
296.jpg,1
033.jpg,7
618.jpg,5
387.jpg,7
746.jpg,7
546.jpg,0
371.jpg,0
690.jpg,7
641.jpg,6
460.jpg,6
106.jpg,6
066.jpg,4
723.jpg,2
559.jpg,7
008.jpg,0
583.jpg,4
039.jpg,6
388.jpg,0
344.jpg,4
012.jpg,4
574.jpg,0
738.jpg,0
783.jpg,1
500.jpg,3
682.jpg,0
621.jpg,0
035.jpg,2
045.jpg,0
069.jpg,3
119.jpg,3
605.jpg,6
745.jpg,4
094.jpg,3
408.jpg,2
796.jpg,2
059.jpg,5
413.jpg,7
792.jpg,7
698.jpg,5
507.jpg,3
496.jpg,3
379.jpg,5
315.jpg,3
061.jpg,4
078.jpg,5
080.jpg,2
348.jpg,0
197.jpg,1
573.jpg,7
743.jpg,0
713.jpg,0
342.jpg,3
242.jpg,0
466.jpg,2
445.jpg,6
758.jpg,2
528.jpg,0
150.jpg,0
622.jpg,6
579.jpg,0
010.jpg,6
534.jpg,4
449.jpg,5
461.jpg,1
670.jpg,6
207.jpg,0
013.jpg,0
441.jpg,3
105.jpg,4
717.jpg,6
264.jpg,7
643.jpg,7
170.jpg,3
736.jpg,0
254.jpg,7
452.jpg,5
524.jpg,4
007.jpg,7
654.jpg,5
257.jpg,6
373.jpg,5
011.jpg,3
644.jpg,7
366.jpg,0
272.jpg,3
505.jpg,7
454.jpg,7
593.jpg,3
178.jpg,6
551.jpg,5
545.jpg,4
203.jpg,6
024.jpg,0
099.jpg,0
761.jpg,5
319.jpg,2
614.jpg,0
637.jpg,7
215.jpg,0
522.jpg,2
025.jpg,5
762.jpg,3
647.jpg,1
410.jpg,5
179.jpg,4
639.jpg,7
321.jpg,2
258.jpg,3
474.jpg,1
706.jpg,0
613.jpg,2
673.jpg,2
536.jpg,0
034.jpg,3
241.jpg,4
275.jpg,6
595.jpg,5
424.jpg,4
135.jpg,5
463.jpg,2
027.jpg,7
404.jpg,7
701.jpg,3
464.jpg,2
202.jpg,6
273.jpg,6
417.jpg,7
219.jpg,4
711.jpg,0
184.jpg,2
101.jpg,1
469.jpg,3
195.jpg,0
731.jpg,7
053.jpg,0
221.jpg,3
489.jpg,0
765.jpg,4
674.jpg,0
052.jpg,7
517.jpg,0
237.jpg,0
250.jpg,0
732.jpg,2
133.jpg,6
190.jpg,7
081.jpg,3
310.jpg,2
631.jpg,7
558.jpg,5
165.jpg,5
703.jpg,4
036.jpg,2
261.jpg,1
308.jpg,7
578.jpg,5
737.jpg,3
411.jpg,3
456.jpg,4
406.jpg,4
459.jpg,0
370.jpg,4
788.jpg,2
374.jpg,4
797.jpg,1
749.jpg,2
608.jpg,4
428.jpg,0
791.jpg,3
127.jpg,4
131.jpg,5
429.jpg,0
376.jpg,1
198.jpg,3
552.jpg,5
714.jpg,7
144.jpg,6
389.jpg,5
350.jpg,7
375.jpg,0
301.jpg,1
175.jpg,1
763.jpg,5
602.jpg,6
302.jpg,4
438.jpg,7
482.jpg,6
724.jpg,1
490.jpg,0
217.jpg,3
538.jpg,3
498.jpg,3
610.jpg,0
288.jpg,0
362.jpg,3
278.jpg,1
107.jpg,7
556.jpg,3
381.jpg,0
471.jpg,2
526.jpg,1
031.jpg,1
335.jpg,4
440.jpg,4
778.jpg,5
192.jpg,5
185.jpg,2
041.jpg,1
718.jpg,2
139.jpg,4
070.jpg,0
345.jpg,6
492.jpg,5
073.jpg,4
225.jpg,4
253.jpg,3
293.jpg,0
700.jpg,2
687.jpg,2
114.jpg,4
068.jpg,3
664.jpg,0
277.jpg,2
074.jpg,6
016.jpg,2
102.jpg,2
598.jpg,2
334.jpg,7
685.jpg,7
233.jpg,3
597.jpg,0
648.jpg,0
793.jpg,2
443.jpg,0
222.jpg,0
199.jpg,2
117.jpg,1
570.jpg,3
015.jpg,0
298.jpg,3
487.jpg,0
584.jpg,2
547.jpg,3
611.jpg,6
756.jpg,4
779.jpg,2
625.jpg,0
048.jpg,3
620.jpg,4
689.jpg,0
423.jpg,0
360.jpg,2
483.jpg,5
182.jpg,5
174.jpg,3
494.jpg,4
409.jpg,5
748.jpg,1
100.jpg,6
719.jpg,7
787.jpg,0
712.jpg,1
188.jpg,0
754.jpg,2
367.jpg,6
049.jpg,0
385.jpg,1
628.jpg,1
721.jpg,7
465.jpg,6
790.jpg,1
766.jpg,2
186.jpg,2
289.jpg,3
688.jpg,5
771.jpg,0
306.jpg,3
735.jpg,1
568.jpg,0
772.jpg,6
561.jpg,0
009.jpg,2
604.jpg,0
134.jpg,0
616.jpg,0
760.jpg,5
269.jpg,5
635.jpg,7
085.jpg,2
514.jpg,3
747.jpg,4
318.jpg,5
141.jpg,2
005.jpg,1
140.jpg,5
733.jpg,5
040.jpg,6
361.jpg,1
529.jpg,4
251.jpg,0
038.jpg,0
330.jpg,0
516.jpg,2
554.jpg,7
444.jpg,0
183.jpg,6
232.jpg,2
588.jpg,5
472.jpg,0
535.jpg,7
503.jpg,2
539.jpg,6
116.jpg,2
727.jpg,5
475.jpg,4
260.jpg,3
064.jpg,0
156.jpg,1
136.jpg,2
346.jpg,1
292.jpg,2
657.jpg,0
709.jpg,6
789.jpg,6
645.jpg,5
395.jpg,4
109.jpg,3
734.jpg,1
544.jpg,0
243.jpg,1
777.jpg,5
285.jpg,2
629.jpg,6
590.jpg,7
234.jpg,2
143.jpg,0
426.jpg,0
093.jpg,7
368.jpg,0
353.jpg,7
481.jpg,6
305.jpg,0
543.jpg,1
638.jpg,7
270.jpg,4
337.jpg,2
798.jpg,1
521.jpg,0
694.jpg,6
358.jpg,7
341.jpg,6
642.jpg,4
227.jpg,4
125.jpg,6
720.jpg,1
782.jpg,0
218.jpg,0
744.jpg,5
209.jpg,6
137.jpg,0
211.jpg,3
295.jpg,6
649.jpg,1
079.jpg,3
601.jpg,5
086.jpg,0
397.jpg,2
663.jpg,3
759.jpg,7
154.jpg,6
283.jpg,6
480.jpg,4
161.jpg,4
623.jpg,5
506.jpg,0
488.jpg,0
356.jpg,1
322.jpg,5
089.jpg,7
617.jpg,7
447.jpg,0
230.jpg,4
097.jpg,0
776.jpg,6
439.jpg,5
436.jpg,7
060.jpg,0
679.jpg,6
352.jpg,3
314.jpg,4
332.jpg,7
355.jpg,7
576.jpg,4
126.jpg,0
160.jpg,5
255.jpg,0
123.jpg,5
343.jpg,4
382.jpg,4
665.jpg,3
057.jpg,4
636.jpg,6
525.jpg,0
129.jpg,2
478.jpg,0
347.jpg,0
684.jpg,0
208.jpg,4
486.jpg,0
725.jpg,1
063.jpg,2
567.jpg,0
599.jpg,2
244.jpg,5
115.jpg,0
523.jpg,3
246.jpg,3
432.jpg,5
531.jpg,0
431.jpg,0
369.jpg,7
307.jpg,4
401.jpg,4
633.jpg,6
050.jpg,7
311.jpg,5
495.jpg,5
652.jpg,4
421.jpg,2
029.jpg,5
603.jpg,0
020.jpg,1
